hero-morning|A landscape 3:2 image (1536x1024), full-bleed painting filling the whole frame: a wide window looking over a misty harbour and hills at sunrise, seen from inside a study; only at the far right, a wooden desk edge with a cup and a small vase. The LEFT HALF of the picture is calm pale sky and mist with very little detail, almost empty. @STYLE@
hero-welcome|A landscape 3:2 image (1536x1024), full-bleed painting filling the whole frame: the open front door of a small house seen from the hallway inside, on the right side of the picture, morning light spilling in across the floor, a coat hook and a small table with a bowl of keys. The left third of the picture is a calm, pale, empty wall with very little detail. @STYLE@
hero-evening|A landscape 3:2 image (1536x1024), full-bleed painting filling the whole frame: a quiet study at dusk, on the left a wooden desk with a desk lamp glowing warm, a deep-blue window with a crescent moon and a few stars, calm. The right half of the picture is darker and simple, plain deep-blue shadowed wall with very little detail. Dusk light instead of morning light. @STYLE@
wash-blue|A landscape 3:2 image (1536x1024), full-bleed: an abstract, extremely pale watercolour wash, almost white, drifting from faint mist blue at the top-left to faint apricot at the bottom-right, soft paper grain, no objects at all, no shapes, no horizon, very light and low contrast, suitable as a page background. No text, no letters, no numbers, no logos, no people.
hero-garden|A landscape 3:2 image (1536x1024), full-bleed painting filling the whole frame: a wooden garden gate standing ajar at the end of a short path, hedges on both sides, early light, seen from the house; the gate sits in the lower right, and the upper-left of the picture is calm, pale, open sky with very little detail. @STYLE@
spot-bell|A square 1:1 image (1024x1024): a single small still life, centred, small in the frame with generous empty margin on all sides: a small brass service bell beside a cup of tea on a saucer. @SPOT@ @STYLE@
spot-calendar|A square 1:1 image (1024x1024): a single small still life, centred, small in the frame with generous empty margin on all sides: a small desk calendar on an easel stand with completely blank empty pages, and a sprig of flowers in a tiny glass. @SPOT@ @STYLE@
spot-mail|A square 1:1 image (1024x1024): a single small still life, centred, small in the frame with generous empty margin on all sides: a small stack of sealed blank envelopes tied with string, and a wooden letter opener. @SPOT@ @STYLE@
spot-bills|A square 1:1 image (1024x1024): a single small still life, centred, small in the frame with generous empty margin on all sides: a few folded paper bills on a brass desk spike, with a little dish of plain coins; the papers show only soft illegible grey lines, no readable writing. @SPOT@ @STYLE@
spot-reminder|A square 1:1 image (1024x1024): a single small still life, centred, small in the frame with generous empty margin on all sides: a round bedside alarm clock with two bells on top, beside a blank sticky note pad; the clock face has plain tick marks only, no numerals. @SPOT@ @STYLE@
spot-memory|A square 1:1 image (1024x1024): a single small still life, centred, small in the frame with generous empty margin on all sides: an open notebook with blank pages, a ribbon bookmark and a pressed leaf, and a pencil. @SPOT@ @STYLE@
spot-privacy|A square 1:1 image (1024x1024): a single small still life, centred, small in the frame with generous empty margin on all sides: a small wooden keepsake box with a brass padlock, an old-fashioned key lying beside it. @SPOT@ @STYLE@
spot-key|A square 1:1 image (1024x1024): a single small still life, centred, small in the frame with generous empty margin on all sides: a single brass key on a ring with a plain blank paper tag. @SPOT@ @STYLE@
spot-care|A square 1:1 image (1024x1024): a single small still life, centred, small in the frame with generous empty margin on all sides: a small watering can beside a potted plant with fresh leaves. @SPOT@ @STYLE@
spot-archive|A square 1:1 image (1024x1024): a single small still life, centred, small in the frame with generous empty margin on all sides: three cardboard archive boxes with blank labels, stacked, one lid ajar. @SPOT@ @STYLE@
spot-paints|A square 1:1 image (1024x1024): a single small still life, centred, small in the frame with generous empty margin on all sides: a watercolour paint tin, a jar of brushes, and a few colour swatches on a small piece of paper. @SPOT@ @STYLE@
spot-rest|A square 1:1 image (1024x1024): a single small still life, centred, small in the frame with generous empty margin on all sides: an armchair with a folded blanket and a closed book on the seat. @SPOT@ @STYLE@
spot-umbrella|A square 1:1 image (1024x1024): a single small still life, centred, small in the frame with generous empty margin on all sides: a closed umbrella leaning against a pair of rain boots, with a few water drops. @SPOT@ @STYLE@
spot-lamp|A square 1:1 image (1024x1024): a single small still life, centred, small in the frame with generous empty margin on all sides: a small desk lamp, switched on, with a soft warm glow, next to a folded newspaper that shows only soft illegible grey lines. @SPOT@ @STYLE@
spot-compass|A square 1:1 image (1024x1024): a single small still life, centred, small in the frame with generous empty margin on all sides: a brass pocket compass with a plain dial (needle and tick marks only) lying on a small folded paper map with soft illegible lines. @SPOT@ @STYLE@
sample-fox|A landscape 3:2 image (1536x1024): a red fox curled up asleep in fresh snow, soft realistic photograph look, shallow depth of field. No text, no logos, no people.
sample-poster|A portrait 2:3 image (1024x1536): a flat retro travel-poster style view of a harbour with sailing boats and a bridge at sunset, bold simple shapes, limited colours. Absolutely no lettering, no text, no title band, no logos, no people; the artwork fills the whole frame.
sample-house|A square 1:1 image (1024x1024): a tiny isometric house with a garden on a floating island, clean 3D render look, pastel colours, plain soft background. No text, no logos, no people.
sample-cake|A square 1:1 image (1024x1024): a birthday cake with lit candles on a table, cheerful coloured-pencil drawing. No text, no letters, no numbers, no logos, no people.
